<?xml version="1.0" encoding="UTF-8"?>
<cpk>
    <elementTypes defaultElement="@DEFAULT_ELEMENT@">
        <elementType name="Dashboard" class="pt.webdetails.cpk.elements.impl.DashboardElementType">
            <elementLocations>
                <elementLocation path="dashboards/" isRecursive="true" pattern="^(?!admin).*\.wcdf" adminOnly="false"/>
                <elementLocation path="dashboards/admin" isRecursive="true" pattern=".*\.wcdf" adminOnly="true"/>
            </elementLocations>
        </elementType>
        <elementType name="Kettle" class="pt.webdetails.cpk.elements.impl.KettleElementType">
            <elementLocations>
                <elementLocation path="endpoints/kettle/" isRecursive="true" pattern=".*\.ktr" adminOnly="false"/>
                <elementLocation path="endpoints/kettle/admin" isRecursive="true" pattern=".*\.kjb" adminOnly="true"/>
            </elementLocations>
        </elementType>
    </elementTypes> 
</cpk> 
